{"train": {"acc:": 0.8558855056762695, "loss": 0.4624921977519989}, "test": {"acc:": 0.8428999781608582, "loss": 0.4883463978767395}, "validation": {"acc:": 0.8420000076293945, "loss": 0.47605836391448975}}