{"train": {"acc:": 0.43203234672546387, "loss": 1.5850555896759033}, "test": {"acc:": 0.4478999972343445, "loss": 1.5550971031188965}, "validation": {"acc:": 0.4465999901294708, "loss": 1.5692671537399292}}