{"train": {"acc:": 0.2659361660480499, "loss": 2.207287311553955}, "test": {"acc:": 0.2797999978065491, "loss": 2.2037270069122314}, "validation": {"acc:": 0.2651999890804291, "loss": 2.2064108848571777}}