{"train": {"acc:": 0.9391447305679321, "loss": 0.19917121529579163}, "test": {"acc:": 0.892799973487854, "loss": 0.32781773805618286}, "validation": {"acc:": 0.899399995803833, "loss": 0.31125155091285706}}