{"train": {"acc:": 0.49279871582984924, "loss": 1.387921690940857}, "test": {"acc:": 0.5065000057220459, "loss": 1.3587950468063354}, "validation": {"acc:": 0.5019999742507935, "loss": 1.3685839176177979}}