{"train": {"acc:": 0.9345883727073669, "loss": 0.18316161632537842}, "test": {"acc:": 0.8901000022888184, "loss": 0.3504910171031952}, "validation": {"acc:": 0.8949999809265137, "loss": 0.3468337059020996}}