{"train": {"acc:": 0.8826680183410645, "loss": 0.3430176377296448}, "test": {"acc:": 0.8579000234603882, "loss": 0.41581279039382935}, "validation": {"acc:": 0.866599977016449, "loss": 0.4013116657733917}}