{
    "result": {
        "train": {
            "acc:": 0.686966598033905,
            "loss": 1.2880662679672241
        },
        "test": {
            "acc:": 0.6949999928474426,
            "loss": 1.2722293138504028
        },
        "validation": {
            "acc:": 0.6952000260353088,
            "loss": 1.2677323818206787
        }
    }
}