{
    "result": {
        "train": {
            "acc:": 0.3068767786026001,
            "loss": 2.2114944458007812
        },
        "test": {
            "acc:": 0.32260000705718994,
            "loss": 2.2088747024536133
        },
        "validation": {
            "acc:": 0.3140000104904175,
            "loss": 2.2121551036834717
        }
    }
}