{
    "result": {
        "train": {
            "acc:": 0.8310810923576355,
            "loss": 0.889085054397583
        },
        "test": {
            "acc:": 0.8194000124931335,
            "loss": 0.9069685339927673
        },
        "validation": {
            "acc:": 0.8216000199317932,
            "loss": 0.9103101491928101
        }
    }
}