{
    "result": {
        "train": {
            "acc:": 0.7108597159385681,
            "loss": 1.2549091577529907
        },
        "test": {
            "acc:": 0.7098000049591064,
            "loss": 1.2415732145309448
        },
        "validation": {
            "acc:": 0.7139999866485596,
            "loss": 1.2367243766784668
        }
    }
}