{
    "result": {
        "train": {
            "acc:": 0.3936477601528168,
            "loss": 1.6536757946014404
        },
        "test": {
            "acc:": 0.4106000065803528,
            "loss": 1.6260361671447754
        },
        "validation": {
            "acc:": 0.40400001406669617,
            "loss": 1.63536536693573
        }
    }
}