{
    "result": {
        "train": {
            "acc:": 0.8498177528381348,
            "loss": 0.4650384485721588
        },
        "test": {
            "acc:": 0.8366000056266785,
            "loss": 0.4956813454627991
        },
        "validation": {
            "acc:": 0.8366000056266785,
            "loss": 0.4815674424171448
        }
    }
}