{
    "result": {
        "train": {
            "acc:": 0.4931321144104004,
            "loss": 1.3699328899383545
        },
        "test": {
            "acc:": 0.5085999965667725,
            "loss": 1.3274482488632202
        },
        "validation": {
            "acc:": 0.5049999952316284,
            "loss": 1.3370281457901
        }
    }
}