{
    "result": {
        "train": {
            "acc:": 0.8756445646286011,
            "loss": 0.3560686707496643
        },
        "test": {
            "acc:": 0.8514999747276306,
            "loss": 0.4330538213253021
        },
        "validation": {
            "acc:": 0.86080002784729,
            "loss": 0.4167029857635498
        }
    }
}